actor_id,name,cosine_distance
nm1165110,Chris Hemsworth,0.0
nm0000129,Tom Cruise,0.02688463061355484
nm0147147,Henry Cavill,0.04459907371977079
nm0829032,Ray Stevenson,0.045203363012771614
nm5899377,Tiger Shroff,0.04878254078965649
nm1679372,Sudeep,0.051694237969527324
nm0003244,Jordi Mollà,0.053414613481432394
nm0636280,Richard Norton,0.05652570932413603
nm0607884,Mark Mortimer,0.05652570932413603
nm2018237,Taylor Kitsch,0.05800371753039013
